"Team","3rd Att","3rd Md","4th Att","4th Md","Rec 1st","Rec 1st%","Rush 1st","Rush 1st%","Scrm Plys"
"LAC",257,112,29,15,232,47.8,93,23,1154
"TB",246,92,27,15,240,48.1,79,20.5,1159
"NYJ",240,83,28,11,191,53.5,79,19.5,1074
"PIT",236,106,15,11,189,51.9,129,25.8,1109
"ARI",233,82,41,18,189,43.6,115,26.5,1144
"CLE",231,88,42,23,182,54.3,142,26.7,1116
"DAL",231,105,19,10,194,54.6,129,24.3,1114
"DEN",230,67,24,12,166,48.1,105,23.6,1078
"WAS",230,81,25,12,184,53.5,124,23,1140
"IND",228,75,26,12,193,48.5,91,20.7,1103
"MIN",226,93,19,9,244,54.5,93,23,1123
"PHI",222,102,32,22,195,55.7,161,29.6,1124
"HOU",221,67,26,13,159,45.2,90,22.6,1015
"CHI",220,90,25,8,109,48.9,148,26.5,993
"TEN",219,80,17,9,153,53.7,104,21.4,992
"NO",219,88,11,4,181,53.6,103,22.2,1015
"BAL",218,91,20,8,149,49.7,167,31.8,1052
"JAX",215,90,27,14,208,52.8,114,25.4,1072
"NE",215,75,13,5,166,46.4,98,23.1,1006
"NYG",212,78,21,10,170,49.1,150,28.8,1089
"DET",211,86,37,20,228,59.5,114,23.8,1092
"LAR",211,83,19,15,180,52,89,21.6,1001
"SF",211,95,17,7,188,55.6,132,26.2,1047
"LV",208,83,24,13,193,53.8,122,28.5,1049
"CIN",206,95,12,3,221,52.9,96,24.1,1053
"CAR",202,64,21,12,138,51.7,119,24.6,976
"SEA",201,76,21,12,206,51.6,106,24.9,1044
"GB",200,79,31,12,186,51.1,116,25.4,1051
"ATL",196,82,18,9,148,57.6,152,27.2,1011
"MIA",196,71,24,13,220,59.8,93,23.8,1009
"BUF",193,97,13,7,212,58.7,128,29.8,1037
"KC",193,94,12,9,272,62.5,105,25.2,1094
